{
    "ndcg": {
        "NDCG@1": 0.31944,
        "NDCG@3": 0.30907,
        "NDCG@5": 0.32533,
        "NDCG@10": 0.34331,
        "NDCG@20": 0.36472,
        "NDCG@100": 0.40436
    },
    "map": {
        "MAP@1": 0.16113,
        "MAP@3": 0.23485,
        "MAP@5": 0.25737,
        "MAP@10": 0.26984,
        "MAP@20": 0.278,
        "MAP@100": 0.28564
    },
    "recall": {
        "Recall@1": 0.16113,
        "Recall@3": 0.28787,
        "Recall@5": 0.35555,
        "Recall@10": 0.41475,
        "Recall@20": 0.47899,
        "Recall@100": 0.64009
    },
    "precicion": {
        "P@1": 0.31944,
        "P@3": 0.20473,
        "P@5": 0.1537,
        "P@10": 0.09306,
        "P@20": 0.05586,
        "P@100": 0.01582
    },
    "mrr": {
        "MRR@1": 0.31944,
        "MRR@3": 0.38837,
        "MRR@5": 0.40628,
        "MRR@10": 0.41566,
        "MRR@20": 0.42012,
        "MRR@100": 0.4236
    }
}