{
    "ndcg": {
        "NDCG@1": 0.55667,
        "NDCG@3": 0.63294,
        "NDCG@5": 0.65433,
        "NDCG@10": 0.67138,
        "NDCG@20": 0.68085,
        "NDCG@100": 0.69695
    },
    "map": {
        "MAP@1": 0.52494,
        "MAP@3": 0.60372,
        "MAP@5": 0.61802,
        "MAP@10": 0.6266,
        "MAP@20": 0.62979,
        "MAP@100": 0.6322
    },
    "recall": {
        "Recall@1": 0.52494,
        "Recall@3": 0.68756,
        "Recall@5": 0.74333,
        "Recall@10": 0.79222,
        "Recall@20": 0.827,
        "Recall@100": 0.91167
    },
    "precicion": {
        "P@1": 0.55667,
        "P@3": 0.25111,
        "P@5": 0.16533,
        "P@10": 0.08933,
        "P@20": 0.04717,
        "P@100": 0.0104
    },
    "mrr": {
        "MRR@1": 0.55667,
        "MRR@3": 0.62444,
        "MRR@5": 0.63611,
        "MRR@10": 0.64195,
        "MRR@20": 0.64375,
        "MRR@100": 0.64578
    }
}