{
    "ndcg": {
        "NDCG@1": 0.55,
        "NDCG@3": 0.62819,
        "NDCG@5": 0.6447,
        "NDCG@10": 0.66674,
        "NDCG@20": 0.67606,
        "NDCG@100": 0.68951
    },
    "map": {
        "MAP@1": 0.52261,
        "MAP@3": 0.59967,
        "MAP@5": 0.61128,
        "MAP@10": 0.62198,
        "MAP@20": 0.62524,
        "MAP@100": 0.62721
    },
    "recall": {
        "Recall@1": 0.52261,
        "Recall@3": 0.68156,
        "Recall@5": 0.72683,
        "Recall@10": 0.79056,
        "Recall@20": 0.82433,
        "Recall@100": 0.895
    },
    "precicion": {
        "P@1": 0.55,
        "P@3": 0.25,
        "P@5": 0.162,
        "P@10": 0.08933,
        "P@20": 0.04717,
        "P@100": 0.01023
    },
    "mrr": {
        "MRR@1": 0.55,
        "MRR@3": 0.61778,
        "MRR@5": 0.62694,
        "MRR@10": 0.63459,
        "MRR@20": 0.63646,
        "MRR@100": 0.63813
    }
}