{
    "ndcg": {
        "NDCG@1": 0.29012,
        "NDCG@3": 0.26815,
        "NDCG@5": 0.28092,
        "NDCG@10": 0.3071,
        "NDCG@20": 0.33106,
        "NDCG@100": 0.37106
    },
    "map": {
        "MAP@1": 0.14861,
        "MAP@3": 0.2034,
        "MAP@5": 0.2216,
        "MAP@10": 0.23805,
        "MAP@20": 0.24641,
        "MAP@100": 0.25393
    },
    "recall": {
        "Recall@1": 0.14861,
        "Recall@3": 0.24369,
        "Recall@5": 0.30016,
        "Recall@10": 0.37845,
        "Recall@20": 0.45231,
        "Recall@100": 0.61515
    },
    "precicion": {
        "P@1": 0.29012,
        "P@3": 0.17438,
        "P@5": 0.13148,
        "P@10": 0.08596,
        "P@20": 0.05285,
        "P@100": 0.01508
    },
    "mrr": {
        "MRR@1": 0.29012,
        "MRR@3": 0.34336,
        "MRR@5": 0.36003,
        "MRR@10": 0.37191,
        "MRR@20": 0.37812,
        "MRR@100": 0.38192
    }
}