{
    "ndcg": {
        "NDCG@1": 0.42415,
        "NDCG@3": 0.3852,
        "NDCG@5": 0.36893,
        "NDCG@10": 0.33667,
        "NDCG@20": 0.31173,
        "NDCG@100": 0.29699
    },
    "map": {
        "MAP@1": 0.0545,
        "MAP@3": 0.09384,
        "MAP@5": 0.1098,
        "MAP@10": 0.12781,
        "MAP@20": 0.14097,
        "MAP@100": 0.15789
    },
    "recall": {
        "Recall@1": 0.0545,
        "Recall@3": 0.1048,
        "Recall@5": 0.12896,
        "Recall@10": 0.16271,
        "Recall@20": 0.19599,
        "Recall@100": 0.27921
    },
    "precicion": {
        "P@1": 0.43963,
        "P@3": 0.36223,
        "P@5": 0.32012,
        "P@10": 0.25015,
        "P@20": 0.18266,
        "P@100": 0.07464
    },
    "mrr": {
        "MRR@1": 0.45201,
        "MRR@3": 0.51135,
        "MRR@5": 0.52126,
        "MRR@10": 0.52829,
        "MRR@20": 0.53116,
        "MRR@100": 0.53352
    }
}