{"eval/loss": 3.095526695251465, "eval/runtime": 2.3366, "eval/samples_per_second": 42.797, "eval/steps_per_second": 2.996, "train/epoch": 4.98, "train/global_step": 140, "_timestamp": 1665043352.9521484, "_runtime": 289.789897441864, "_step": 28, "train/train_runtime": 291.2755, "train/train_samples_per_second": 15.449, "train/train_steps_per_second": 0.481, "train/total_flos": 1871594016768000.0, "train/train_loss": 3.400759015764509, "_wandb": {"runtime": 289}}