{"eval/loss": 3.118131637573242, "eval/runtime": 1.4099, "eval/samples_per_second": 70.925, "eval/steps_per_second": 4.965, "train/epoch": 4.98, "train/global_step": 140, "_timestamp": 1665036962.607068, "_runtime": 201.1248230934143, "_step": 28, "train/train_runtime": 202.6106, "train/train_samples_per_second": 22.21, "train/train_steps_per_second": 0.691, "train/total_flos": 1069482295296000.0, "train/train_loss": 3.4187896728515623, "_wandb": {"runtime": 200}}