{
    "ndcg": {
        "NDCG@1": 0.43034,
        "NDCG@3": 0.38936,
        "NDCG@5": 0.37041,
        "NDCG@10": 0.33602,
        "NDCG@20": 0.30983,
        "NDCG@100": 0.29679
    },
    "map": {
        "MAP@1": 0.05648,
        "MAP@3": 0.09228,
        "MAP@5": 0.10891,
        "MAP@10": 0.12731,
        "MAP@20": 0.13996,
        "MAP@100": 0.15667
    },
    "recall": {
        "Recall@1": 0.05648,
        "Recall@3": 0.09994,
        "Recall@5": 0.12866,
        "Recall@10": 0.16467,
        "Recall@20": 0.19342,
        "Recall@100": 0.28275
    },
    "precicion": {
        "P@1": 0.44582,
        "P@3": 0.36533,
        "P@5": 0.32074,
        "P@10": 0.24706,
        "P@20": 0.17957,
        "P@100": 0.07446
    },
    "mrr": {
        "MRR@1": 0.4613,
        "MRR@3": 0.51084,
        "MRR@5": 0.52585,
        "MRR@10": 0.53199,
        "MRR@20": 0.53404,
        "MRR@100": 0.53697
    }
}