{
    "ndcg": {
        "NDCG@1": 0.31481,
        "NDCG@3": 0.29891,
        "NDCG@5": 0.31419,
        "NDCG@10": 0.33153,
        "NDCG@20": 0.35531,
        "NDCG@100": 0.39223
    },
    "map": {
        "MAP@1": 0.16189,
        "MAP@3": 0.2276,
        "MAP@5": 0.24796,
        "MAP@10": 0.26013,
        "MAP@20": 0.26912,
        "MAP@100": 0.27578
    },
    "recall": {
        "Recall@1": 0.16189,
        "Recall@3": 0.27654,
        "Recall@5": 0.34362,
        "Recall@10": 0.39964,
        "Recall@20": 0.47175,
        "Recall@100": 0.62481
    },
    "precicion": {
        "P@1": 0.31481,
        "P@3": 0.19907,
        "P@5": 0.14722,
        "P@10": 0.08966,
        "P@20": 0.05509,
        "P@100": 0.01537
    },
    "mrr": {
        "MRR@1": 0.31481,
        "MRR@3": 0.3768,
        "MRR@5": 0.39586,
        "MRR@10": 0.40431,
        "MRR@20": 0.40904,
        "MRR@100": 0.41216
    }
}