{
    "ndcg": {
        "NDCG@1": 0.31481,
        "NDCG@3": 0.30831,
        "NDCG@5": 0.31836,
        "NDCG@10": 0.33686,
        "NDCG@20": 0.36091,
        "NDCG@100": 0.40001
    },
    "map": {
        "MAP@1": 0.16071,
        "MAP@3": 0.23391,
        "MAP@5": 0.25171,
        "MAP@10": 0.26509,
        "MAP@20": 0.27422,
        "MAP@100": 0.28128
    },
    "recall": {
        "Recall@1": 0.16071,
        "Recall@3": 0.29046,
        "Recall@5": 0.34552,
        "Recall@10": 0.40601,
        "Recall@20": 0.47875,
        "Recall@100": 0.64039
    },
    "precicion": {
        "P@1": 0.31481,
        "P@3": 0.20679,
        "P@5": 0.14969,
        "P@10": 0.09074,
        "P@20": 0.05594,
        "P@100": 0.01576
    },
    "mrr": {
        "MRR@1": 0.31481,
        "MRR@3": 0.38529,
        "MRR@5": 0.4008,
        "MRR@10": 0.40911,
        "MRR@20": 0.41388,
        "MRR@100": 0.41736
    }
}