{
    "ndcg": {
        "NDCG@1": 0.29784,
        "NDCG@3": 0.27868,
        "NDCG@5": 0.29295,
        "NDCG@10": 0.31574,
        "NDCG@20": 0.33674,
        "NDCG@100": 0.37678
    },
    "map": {
        "MAP@1": 0.15298,
        "MAP@3": 0.21241,
        "MAP@5": 0.23269,
        "MAP@10": 0.24681,
        "MAP@20": 0.25415,
        "MAP@100": 0.26168
    },
    "recall": {
        "Recall@1": 0.15298,
        "Recall@3": 0.25538,
        "Recall@5": 0.31654,
        "Recall@10": 0.38467,
        "Recall@20": 0.44848,
        "Recall@100": 0.61303
    },
    "precicion": {
        "P@1": 0.29784,
        "P@3": 0.18158,
        "P@5": 0.13642,
        "P@10": 0.08719,
        "P@20": 0.05262,
        "P@100": 0.01502
    },
    "mrr": {
        "MRR@1": 0.29784,
        "MRR@3": 0.35597,
        "MRR@5": 0.37155,
        "MRR@10": 0.38297,
        "MRR@20": 0.38804,
        "MRR@100": 0.39189
    }
}