{
    "ndcg": {
        "NDCG@1": 0.54,
        "NDCG@3": 0.62835,
        "NDCG@5": 0.64229,
        "NDCG@10": 0.66704,
        "NDCG@20": 0.67479,
        "NDCG@100": 0.69001
    },
    "map": {
        "MAP@1": 0.51483,
        "MAP@3": 0.59772,
        "MAP@5": 0.6084,
        "MAP@10": 0.62088,
        "MAP@20": 0.62308,
        "MAP@100": 0.62569
    },
    "recall": {
        "Recall@1": 0.51483,
        "Recall@3": 0.68922,
        "Recall@5": 0.72528,
        "Recall@10": 0.79522,
        "Recall@20": 0.82522,
        "Recall@100": 0.901
    },
    "precicion": {
        "P@1": 0.54,
        "P@3": 0.25222,
        "P@5": 0.16133,
        "P@10": 0.09,
        "P@20": 0.04667,
        "P@100": 0.01027
    },
    "mrr": {
        "MRR@1": 0.54,
        "MRR@3": 0.61556,
        "MRR@5": 0.62272,
        "MRR@10": 0.63187,
        "MRR@20": 0.6339,
        "MRR@100": 0.63581
    }
}