{
    "ndcg": {
        "NDCG@1": 0.44582,
        "NDCG@3": 0.41126,
        "NDCG@5": 0.38277,
        "NDCG@10": 0.34305,
        "NDCG@20": 0.31907,
        "NDCG@100": 0.30849
    },
    "map": {
        "MAP@1": 0.06046,
        "MAP@3": 0.099,
        "MAP@5": 0.11336,
        "MAP@10": 0.1301,
        "MAP@20": 0.14478,
        "MAP@100": 0.16268
    },
    "recall": {
        "Recall@1": 0.06046,
        "Recall@3": 0.10753,
        "Recall@5": 0.12908,
        "Recall@10": 0.1591,
        "Recall@20": 0.19576,
        "Recall@100": 0.29948
    },
    "precicion": {
        "P@1": 0.4582,
        "P@3": 0.387,
        "P@5": 0.32941,
        "P@10": 0.24954,
        "P@20": 0.18483,
        "P@100": 0.07737
    },
    "mrr": {
        "MRR@1": 0.46749,
        "MRR@3": 0.53302,
        "MRR@5": 0.54014,
        "MRR@10": 0.54626,
        "MRR@20": 0.54931,
        "MRR@100": 0.55166
    }
}