{
    "ndcg": {
        "NDCG@1": 0.43034,
        "NDCG@3": 0.4034,
        "NDCG@5": 0.37884,
        "NDCG@10": 0.34087,
        "NDCG@20": 0.31599,
        "NDCG@100": 0.30137
    },
    "map": {
        "MAP@1": 0.0584,
        "MAP@3": 0.09881,
        "MAP@5": 0.11389,
        "MAP@10": 0.13131,
        "MAP@20": 0.14473,
        "MAP@100": 0.16183
    },
    "recall": {
        "Recall@1": 0.0584,
        "Recall@3": 0.10774,
        "Recall@5": 0.13104,
        "Recall@10": 0.16087,
        "Recall@20": 0.1942,
        "Recall@100": 0.28043
    },
    "precicion": {
        "P@1": 0.44582,
        "P@3": 0.3839,
        "P@5": 0.32817,
        "P@10": 0.24892,
        "P@20": 0.18344,
        "P@100": 0.07483
    },
    "mrr": {
        "MRR@1": 0.4582,
        "MRR@3": 0.52528,
        "MRR@5": 0.53179,
        "MRR@10": 0.53682,
        "MRR@20": 0.53982,
        "MRR@100": 0.54233
    }
}