{
    "ndcg": {
        "NDCG@1": 0.29167,
        "NDCG@3": 0.26485,
        "NDCG@5": 0.27618,
        "NDCG@10": 0.30246,
        "NDCG@20": 0.32523,
        "NDCG@100": 0.36633
    },
    "map": {
        "MAP@1": 0.15237,
        "MAP@3": 0.20196,
        "MAP@5": 0.21937,
        "MAP@10": 0.23557,
        "MAP@20": 0.24393,
        "MAP@100": 0.25093
    },
    "recall": {
        "Recall@1": 0.15237,
        "Recall@3": 0.23947,
        "Recall@5": 0.29154,
        "Recall@10": 0.36765,
        "Recall@20": 0.43697,
        "Recall@100": 0.60936
    },
    "precicion": {
        "P@1": 0.29167,
        "P@3": 0.16975,
        "P@5": 0.12623,
        "P@10": 0.08302,
        "P@20": 0.051,
        "P@100": 0.01489
    },
    "mrr": {
        "MRR@1": 0.29167,
        "MRR@3": 0.34414,
        "MRR@5": 0.3581,
        "MRR@10": 0.37106,
        "MRR@20": 0.37588,
        "MRR@100": 0.38005
    }
}