{
    "ndcg": {
        "NDCG@1": 0.29784,
        "NDCG@3": 0.27041,
        "NDCG@5": 0.28379,
        "NDCG@10": 0.3094,
        "NDCG@20": 0.33209,
        "NDCG@100": 0.37004
    },
    "map": {
        "MAP@1": 0.15283,
        "MAP@3": 0.20677,
        "MAP@5": 0.22517,
        "MAP@10": 0.24096,
        "MAP@20": 0.24882,
        "MAP@100": 0.25565
    },
    "recall": {
        "Recall@1": 0.15283,
        "Recall@3": 0.24427,
        "Recall@5": 0.30205,
        "Recall@10": 0.37878,
        "Recall@20": 0.44815,
        "Recall@100": 0.6044
    },
    "precicion": {
        "P@1": 0.29784,
        "P@3": 0.17541,
        "P@5": 0.13179,
        "P@10": 0.08534,
        "P@20": 0.05231,
        "P@100": 0.01489
    },
    "mrr": {
        "MRR@1": 0.29784,
        "MRR@3": 0.34877,
        "MRR@5": 0.36559,
        "MRR@10": 0.37832,
        "MRR@20": 0.38324,
        "MRR@100": 0.38686
    }
}